url_path,views_total,views_unique
/jongpie/NebulaQueryAndSearch/blob/main/nebula-query-and-search/main/classes/SOQL.cls,12,10
/jongpie/NebulaQueryAndSearch,5,5
/jongpie/NebulaQueryAndSearch/tree/main/nebula-query-and-search,2,2
/jongpie/NebulaQueryAndSearch/tree/main/nebula-query-and-search/main/classes,2,2
/jongpie/NebulaQueryAndSearch/blob/main/docs/apex/SOQL-Queries/AggregateQuery.md,2,1
/jongpie/NebulaQueryAndSearch/blob/main/config/pmd-ruleset.xml,1,1
/jongpie/NebulaQueryAndSearch/blob/main/nebula-query-and-search/main/classes/AggregateQuery.cls,1,1
/jongpie/NebulaQueryAndSearch/blob/main/nebula-query-and-search/main/classes/Query.cls,1,1
/jongpie/NebulaQueryAndSearch/discussions,1,1
/jongpie/NebulaQueryAndSearch/discussions/48,1,1
